{
  "deposit to customer" : {
    "transaction" : "deposit to customer",
    "sampleCount" : 1,
    "errorCount" : 1,
    "errorPct" : 100.0,
    "meanResTime" : 133.0,
    "medianResTime" : 133.0,
    "minResTime" : 133.0,
    "maxResTime" : 133.0,
    "pct1ResTime" : 133.0,
    "pct2ResTime" : 133.0,
    "pct3ResTime" : 133.0,
    "throughput" : 7.518796992481203,
    "receivedKBytesPerSec" : 3.083881578947368,
    "sentKBytesPerSec" : 3.9503054511278193
  },
  "payment to merchant" : {
    "transaction" : "payment to merchant",
    "sampleCount" : 1,
    "errorCount" : 0,
    "errorPct" : 0.0,
    "meanResTime" : 127.0,
    "medianResTime" : 127.0,
    "minResTime" : 127.0,
    "maxResTime" : 127.0,
    "pct1ResTime" : 127.0,
    "pct2ResTime" : 127.0,
    "pct3ResTime" : 127.0,
    "throughput" : 7.874015748031496,
    "receivedKBytesPerSec" : 3.2910925196850394,
    "sentKBytesPerSec" : 4.13693405511811
  },
  "sendmoney to customer" : {
    "transaction" : "sendmoney to customer",
    "sampleCount" : 1,
    "errorCount" : 0,
    "errorPct" : 0.0,
    "meanResTime" : 132.0,
    "medianResTime" : 132.0,
    "minResTime" : 132.0,
    "maxResTime" : 132.0,
    "pct1ResTime" : 132.0,
    "pct2ResTime" : 132.0,
    "pct3ResTime" : 132.0,
    "throughput" : 7.575757575757576,
    "receivedKBytesPerSec" : 3.1886245265151514,
    "sentKBytesPerSec" : 3.9950284090909087
  },
  "Total" : {
    "transaction" : "Total",
    "sampleCount" : 6,
    "errorCount" : 1,
    "errorPct" : 16.666666,
    "meanResTime" : 451.3333333333333,
    "medianResTime" : 452.5,
    "minResTime" : 127.0,
    "maxResTime" : 772.0,
    "pct1ResTime" : 772.0,
    "pct2ResTime" : 772.0,
    "pct3ResTime" : 772.0,
    "throughput" : 5.8422590068159685,
    "receivedKBytesPerSec" : 2.959165043816943,
    "sentKBytesPerSec" : 2.44378347127556
  },
  "login" : {
    "transaction" : "login",
    "sampleCount" : 3,
    "errorCount" : 0,
    "errorPct" : 0.0,
    "meanResTime" : 772.0,
    "medianResTime" : 772.0,
    "minResTime" : 772.0,
    "maxResTime" : 772.0,
    "pct1ResTime" : 772.0,
    "pct2ResTime" : 772.0,
    "pct3ResTime" : 772.0,
    "throughput" : 3.8860103626943006,
    "receivedKBytesPerSec" : 2.3187034488341967,
    "sentKBytesPerSec" : 1.2067883743523315
  }
}