{
  "booking" : {
    "transaction" : "booking",
    "sampleCount" : 3323,
    "errorCount" : 0,
    "errorPct" : 0.0,
    "meanResTime" : 1448.7977730965993,
    "medianResTime" : 660.0,
    "minResTime" : 325.0,
    "maxResTime" : 33468.0,
    "pct1ResTime" : 3244.6,
    "pct2ResTime" : 5053.999999999996,
    "pct3ResTime" : 12360.999999999947,
    "throughput" : 12.022431259044861,
    "receivedKBytesPerSec" : 11.248530209840812,
    "sentKBytesPerSec" : 5.177629087147251
  },
  "search" : {
    "transaction" : "search",
    "sampleCount" : 3323,
    "errorCount" : 0,
    "errorPct" : 0.0,
    "meanResTime" : 1052.1071321095415,
    "medianResTime" : 486.0,
    "minResTime" : 328.0,
    "maxResTime" : 120030.0,
    "pct1ResTime" : 2314.399999999999,
    "pct2ResTime" : 3320.5999999999954,
    "pct3ResTime" : 6672.559999999999,
    "throughput" : 12.009613473318998,
    "receivedKBytesPerSec" : 10.896996806049984,
    "sentKBytesPerSec" : 2.591964414788847
  },
  "Total" : {
    "transaction" : "Total",
    "sampleCount" : 9969,
    "errorCount" : 0,
    "errorPct" : 0.0,
    "meanResTime" : 9806.680710201663,
    "medianResTime" : 1324.0,
    "minResTime" : 325.0,
    "maxResTime" : 278559.0,
    "pct1ResTime" : 31095.0,
    "pct2ResTime" : 37685.0,
    "pct3ResTime" : 54431.2,
    "throughput" : 34.315632217934734,
    "receivedKBytesPerSec" : 29.760211817878275,
    "sentKBytesPerSec" : 10.522610610815843
  },
  "login" : {
    "transaction" : "login",
    "sampleCount" : 3323,
    "errorCount" : 0,
    "errorPct" : 0.0,
    "meanResTime" : 26919.137225398754,
    "medianResTime" : 25599.0,
    "minResTime" : 7928.0,
    "maxResTime" : 278559.0,
    "pct1ResTime" : 42039.799999999996,
    "pct2ResTime" : 48519.0,
    "pct3ResTime" : 62123.959999999985,
    "throughput" : 11.828485185026981,
    "receivedKBytesPerSec" : 8.97502275906625,
    "sentKBytesPerSec" : 3.234351417780815
  }
}